"Kind","Name","SizeBytes","SizeMiB","SizeGiB","LastWriteTime","FullPath"
"SharedPCH","SharedPCH.UnrealEd.RTTI.Cpp20.h.pch","2419520216","2307.43","2.253","2026-07-04 13:13:30","D:\UE\5.7.4r\Engine\Intermediate\Build\Win64\x64\UnrealEditor\Development\UnrealEd\SharedPCH.UnrealEd.RTTI.Cpp20.h.pch"
"SharedPCH","SharedPCH.UnrealEd.Cpp20.h.pch","2415983440","2304.06","2.25","2026-07-04 13:13:29","D:\UE\5.7.4r\Engine\Intermediate\Build\Win64\x64\UnrealEditor\Development\UnrealEd\SharedPCH.UnrealEd.Cpp20.h.pch"
"SharedPCH","SharedPCH.Engine.Cpp20.h.pch","2263351272","2158.5","2.108","2026-07-04 13:13:27","D:\UE\5.7.4r\Engine\Intermediate\Build\Win64\x64\UnrealEditor\Development\Engine\SharedPCH.Engine.Cpp20.h.pch"
"SharedPCH","SharedPCH.Slate.Cpp20.h.pch","909377440","867.25","0.847","2026-07-04 13:13:00","D:\UE\5.7.4r\Engine\Intermediate\Build\Win64\x64\UnrealEditor\Development\Slate\SharedPCH.Slate.Cpp20.h.pch"
"SharedPCH","SharedPCH.CoreUObject.Cpp20.h.pch","557449216","531.62","0.519","2026-07-04 13:12:53","D:\UE\5.7.4r\Engine\Intermediate\Build\Win64\x64\UnrealEditor\Development\CoreUObject\SharedPCH.CoreUObject.Cpp20.h.pch"
"SharedPCH","SharedPCH.Core.RTTI.Cpp20.h.pch","407044096","388.19","0.379","2026-07-04 13:12:50","D:\UE\5.7.4r\Engine\Intermediate\Build\Win64\x64\UnrealEditor\Development\Core\SharedPCH.Core.RTTI.Cpp20.h.pch"
"SharedPCH","SharedPCH.Core.Cpp20.h.pch","406388736","387.56","0.378","2026-07-04 13:12:49","D:\UE\5.7.4r\Engine\Intermediate\Build\Win64\x64\UnrealEditor\Development\Core\SharedPCH.Core.Cpp20.h.pch"
"ModulePCH","PCH.UnrealEd.h.pch","2105278344","2007.75","1.961","2026-07-04 13:13:25","D:\UE\5.7.4r\Engine\Intermediate\Build\Win64\x64\UnrealEditor\Development\UnrealEd\PCH.UnrealEd.h.pch"
"ModulePCH","PCH.Engine.h.pch","2026635072","1932.75","1.887","2026-07-04 13:13:23","D:\UE\5.7.4r\Engine\Intermediate\Build\Win64\x64\UnrealEditor\Development\Engine\PCH.Engine.h.pch"
"ModulePCH","PCH.CoreUObject.h.pch","571473920","545","0.532","2026-07-04 13:12:53","D:\UE\5.7.4r\Engine\Intermediate\Build\Win64\x64\UnrealEditor\Development\CoreUObject\PCH.CoreUObject.h.pch"
"ModulePCH","PCH.Core.h.pch","406585344","387.75","0.379","2026-07-04 13:12:50","D:\UE\5.7.4r\Engine\Intermediate\Build\Win64\x64\UnrealEditor\Development\Core\PCH.Core.h.pch"
"ModulePCH","PCH.ResonanceAudio.h.pch","243335168","232.06","0.227","2026-07-04 13:12:47","D:\UE\5.7.4r\Engine\Plugins\Runtime\ResonanceAudio\Intermediate\Build\Win64\x64\UnrealEditor\Development\ResonanceAudio\PCH.ResonanceAudio.h.pch"
